City_ID,City,Country,Date,Lat,Lng,Max Temp,Humidity,Cloudiness,Wind Speed
0,Mount Gambier,AU,2021-10-10 15:58:32,-37.8333,140.7667,42.71,87,40,5.75
1,Victoria,HK,2021-10-10 15:56:40,22.2855,114.1577,80.94,91,100,5.99
2,Skeldon,GY,2021-10-10 16:00:58,5.8833,-57.1333,91.0,54,94,5.82
3,Hilo,US,2021-10-10 15:57:25,19.7297,-155.09,74.28,96,75,5.99
4,Kapaa,US,2021-10-10 16:00:58,22.0752,-159.319,75.18,75,27,3.0
5,Puerto Ayora,EC,2021-10-10 16:00:58,-0.7393,-90.3518,70.56,87,84,8.01
6,Pundaguitan,PH,2021-10-10 16:00:59,6.3711,126.1689,84.43,71,100,7.94
7,Tiksi,RU,2021-10-10 16:00:59,71.6872,128.8694,26.91,89,100,3.89
8,Rikitea,PF,2021-10-10 16:00:59,-23.1203,-134.9692,74.55,81,100,19.35
9,Port Lincoln,AU,2021-10-10 16:01:00,-34.7333,135.8667,52.66,56,66,11.68
10,Kumla,SE,2021-10-10 16:01:00,59.1277,15.1434,55.35,62,75,11.5
11,Mitsamiouli,KM,2021-10-10 16:01:00,-11.3847,43.2844,77.2,82,43,5.23
12,Hermanus,ZA,2021-10-10 16:01:01,-34.4187,19.2345,67.6,62,99,2.24
13,Provideniya,RU,2021-10-10 16:01:01,64.3833,-173.3,27.79,93,100,7.56
14,Torbay,CA,2021-10-10 16:00:46,47.6666,-52.7314,46.76,77,57,5.01
15,North Platte,US,2021-10-10 15:56:33,41.1239,-100.7654,59.25,56,63,8.99
16,Pandan,PH,2021-10-10 16:01:02,14.0453,124.1694,80.46,85,92,11.07
17,Butaritari,KI,2021-10-10 16:01:03,3.0707,172.7902,81.5,72,18,14.5
18,Dingle,PH,2021-10-10 16:01:04,10.9995,122.6711,75.61,93,100,8.41
19,Nemuro,JP,2021-10-10 16:01:04,43.3236,145.575,62.46,95,100,34.14
20,Jamestown,US,2021-10-10 15:57:50,42.097,-79.2353,70.3,73,96,7.0
21,Atuona,PF,2021-10-10 16:01:04,-9.8,-139.0333,78.01,71,4,18.45
22,Mehamn,NO,2021-10-10 16:01:05,71.0357,27.8492,44.78,87,0,6.91
23,Arlit,NE,2021-10-10 16:01:05,18.7369,7.3853,99.18,5,18,0.36
24,Sisian,AM,2021-10-10 16:01:05,39.5256,46.0251,53.96,75,0,3.91
25,Vrangel,RU,2021-10-10 16:01:06,42.7297,133.0839,54.14,58,73,19.1
26,Ballina,AU,2021-10-10 15:57:05,-28.8667,153.5667,71.78,78,70,12.66
27,Yulara,AU,2021-10-10 16:01:06,-25.2406,130.9889,54.03,66,90,10.4
28,Saldanha,ZA,2021-10-10 16:00:07,-33.0117,17.9442,62.55,65,90,10.65
29,Antofagasta,CL,2021-10-10 16:00:04,-23.65,-70.4,65.21,57,45,11.43
30,Busselton,AU,2021-10-10 16:01:07,-33.65,115.3333,53.04,72,100,7.94
31,Port Elizabeth,ZA,2021-10-10 16:00:01,-33.918,25.5701,64.09,66,1,17.65
32,Port Hedland,AU,2021-10-10 16:01:07,-20.3167,118.5667,69.85,73,10,5.75
33,Cape Town,ZA,2021-10-10 16:00:46,-33.9258,18.4232,73.09,53,99,1.01
34,Albany,US,2021-10-10 15:58:18,42.6001,-73.9662,65.84,76,100,1.99
35,Ponta Do Sol,PT,2021-10-10 16:01:07,32.6667,-17.1,75.83,70,7,2.53
36,Portland,US,2021-10-10 15:58:23,45.5234,-122.6762,54.14,93,79,1.01
37,Hithadhoo,MV,2021-10-10 16:01:08,-0.6,73.0833,83.62,68,80,13.04
38,Tuktoyaktuk,CA,2021-10-10 16:01:08,69.4541,-133.0374,30.31,76,100,8.9
39,Buriti Dos Lopes,BR,2021-10-10 16:01:08,-3.175,-41.8669,101.41,27,76,8.52
40,Punta Arenas,CL,2021-10-10 16:00:37,-53.15,-70.9167,50.11,43,40,25.43
41,Sortland,NO,2021-10-10 16:01:09,68.6949,15.4162,50.36,92,100,4.41
42,Hasaki,JP,2021-10-10 16:01:09,35.7333,140.8333,66.29,71,23,15.41
43,Alofi,NU,2021-10-10 16:01:10,-19.0595,-169.9187,77.29,81,100,7.74
44,Nikolskoye,RU,2021-10-10 16:01:10,59.7035,30.7861,55.87,68,25,7.9
45,Hobart,AU,2021-10-10 16:00:07,-42.8794,147.3294,40.86,77,27,3.44
46,Mataura,NZ,2021-10-10 16:01:10,-46.1927,168.8643,55.47,87,100,2.71
47,Kargasok,RU,2021-10-10 16:01:11,59.0556,80.8572,27.37,75,66,6.6
48,Barraute,CA,2021-10-10 16:01:11,48.4335,-77.6328,59.18,94,100,9.04
49,New Norfolk,AU,2021-10-10 16:01:11,-42.7826,147.0587,40.5,65,67,1.01
50,Olinda,BR,2021-10-10 15:57:50,-8.0089,-34.8553,83.93,65,75,6.91
51,Balikpapan,ID,2021-10-10 16:01:12,-1.2675,116.8289,78.6,87,96,5.86
52,Arraial Do Cabo,BR,2021-10-10 16:01:12,-22.9661,-42.0278,69.66,78,90,18.41
53,Bodri,IN,2021-10-10 16:01:12,23.1667,81.4333,72.16,62,0,2.39
54,Duncan,US,2021-10-10 16:00:56,34.5023,-97.9578,76.05,68,75,19.57
55,Bubaque,GW,2021-10-10 16:01:13,11.2833,-15.8333,82.54,75,97,11.1
56,Sitarganj,IN,2021-10-10 16:01:13,28.9333,79.7,75.16,63,0,3.09
57,Bluff,NZ,2021-10-10 16:01:09,-46.6,168.3333,55.8,65,100,17.81
58,Mahebourg,MU,2021-10-10 16:01:13,-20.4081,57.7,73.26,88,73,13.31
59,Carnarvon,AU,2021-10-10 16:01:14,-24.8667,113.6333,67.28,70,0,23.71
60,Avarua,CK,2021-10-10 16:01:14,-21.2078,-159.775,66.25,94,98,1.14
61,Tasiilaq,GL,2021-10-10 16:01:14,65.6145,-37.6368,33.96,60,0,3.98
62,Fairbanks,US,2021-10-10 16:00:03,64.8378,-147.7164,34.61,94,75,4.61
63,Kolda,SN,2021-10-10 16:01:15,12.8833,-14.95,91.94,50,71,4.27
64,Karla,EE,2021-10-10 16:01:15,59.3723,24.9275,53.56,75,0,10.36
65,Lebu,CL,2021-10-10 16:01:15,-37.6167,-73.65,55.76,71,94,3.47
66,Hualmay,PE,2021-10-10 16:01:15,-11.0964,-77.6139,68.2,76,66,7.7
67,Qaanaaq,GL,2021-10-10 16:01:16,77.484,-69.3632,29.44,86,100,9.91
68,Cap Malheureux,MU,2021-10-10 16:01:16,-19.9842,57.6142,73.47,82,34,7.0
69,Katsuura,JP,2021-10-10 16:01:16,35.1333,140.3,73.51,68,75,12.39
70,Upernavik,GL,2021-10-10 16:01:17,72.7868,-56.1549,32.2,98,100,10.0
71,Kirakira,SB,2021-10-10 16:01:17,-10.4544,161.9205,77.5,87,99,4.03
72,Vaini,TO,2021-10-10 16:01:17,-21.2,-175.2,72.95,81,92,10.07
73,Tomatlan,MX,2021-10-10 16:01:18,19.9333,-105.25,82.96,79,100,2.66
74,Chokurdakh,RU,2021-10-10 16:01:18,70.6333,147.9167,11.57,91,92,5.53
75,Jalu,LY,2021-10-10 16:01:18,29.0331,21.5482,86.52,20,0,8.79
76,Dikson,RU,2021-10-10 16:01:18,73.5069,80.5464,29.39,72,100,23.06
77,Saint-Georges,GD,2021-10-10 16:01:19,12.0564,-61.7485,83.14,81,100,13.44
78,Cidreira,BR,2021-10-10 16:01:19,-30.1811,-50.2056,66.34,80,87,16.96
79,Sitka,US,2021-10-10 16:01:19,57.0531,-135.33,44.65,88,100,3.06
80,Solnechnyy,RU,2021-10-10 16:01:20,50.7214,136.6319,38.88,97,100,1.23
81,Faanui,PF,2021-10-10 16:01:20,-16.4833,-151.75,79.3,72,64,11.27
82,Kjollefjord,NO,2021-10-10 16:01:20,70.9457,27.3465,44.65,87,0,6.91
83,Puerto Quijarro,BO,2021-10-10 16:01:21,-17.7833,-57.7667,101.48,28,43,5.95
84,Bethel,US,2021-10-10 16:01:21,41.3712,-73.414,63.91,86,100,3.0
85,Carballo,ES,2021-10-10 16:01:21,43.213,-8.691,74.59,62,30,12.77
86,Yantal,RU,2021-10-10 16:01:22,56.8471,105.2542,38.91,82,99,10.56
87,Kalmunai,LK,2021-10-10 16:01:22,7.4167,81.8167,82.69,75,100,3.65
88,Ouadda,CF,2021-10-10 16:01:22,8.0777,22.4007,77.58,80,100,2.44
89,Thompson,CA,2021-10-10 16:00:46,55.7435,-97.8558,41.16,100,90,4.61
90,Ushuaia,AR,2021-10-10 16:01:23,-54.8,-68.3,45.39,56,29,13.69
91,Murgab,TM,2021-10-10 16:01:23,37.4966,61.9714,51.26,25,0,6.64
92,Erdenet,MN,2021-10-10 16:01:23,49.0333,104.0833,35.01,52,76,3.42
93,Jonesboro,US,2021-10-10 16:01:24,35.8423,-90.7043,80.47,65,0,15.99
94,Estelle,US,2021-10-10 16:01:24,29.8458,-90.1067,86.0,63,6,5.01
95,Santa Barbara,US,2021-10-10 15:59:13,34.7333,-120.0343,67.82,23,0,4.14
96,Kuytun,RU,2021-10-10 15:58:13,54.3419,101.5036,35.53,74,6,3.11
97,Coruripe,BR,2021-10-10 16:01:24,-10.1256,-36.1756,83.41,59,72,11.54
98,Yellowknife,CA,2021-10-10 16:00:46,62.456,-114.3525,37.42,100,100,10.0
99,Saquarema,BR,2021-10-10 16:01:25,-22.92,-42.5103,69.84,84,100,14.16
100,Bulgan,MN,2021-10-10 16:01:25,48.8125,103.5347,36.41,51,38,2.71
101,Clyde River,CA,2021-10-10 15:58:48,70.4692,-68.5914,37.63,81,75,17.27
102,Launceston,AU,2021-10-10 16:01:25,-41.45,147.1667,40.64,83,9,8.05
103,Saint-Philippe,RE,2021-10-10 16:01:26,-21.3585,55.7679,74.79,84,27,8.68
104,Aranos,NA,2021-10-10 16:01:26,-24.1333,19.1167,84.76,6,0,12.68
105,Ugoofaaru,MV,2021-10-10 16:01:27,5.6667,73.0,82.74,79,100,16.71
106,Jilin,CN,2021-10-10 16:01:27,43.0,126.0,41.97,66,31,4.07
107,Santiago,CL,2021-10-10 15:58:18,-33.4569,-70.6483,70.18,53,90,3.44
108,Lompoc,US,2021-10-10 16:01:27,34.6391,-120.4579,73.09,70,1,11.99
109,Gornyak,RU,2021-10-10 16:01:28,50.9942,81.4661,47.28,56,100,6.93
110,Lakatoro,VU,2021-10-10 16:01:28,-16.0999,167.4164,77.41,83,98,14.36
111,Patacamaya,BO,2021-10-10 16:01:28,-17.2333,-67.9167,62.13,35,15,2.98
112,Matamoros,MX,2021-10-10 16:01:29,25.5333,-103.25,83.53,31,2,2.08
113,Sisimiut,GL,2021-10-10 16:01:29,66.9395,-53.6735,36.21,68,100,8.97
114,Bereda,ES,2021-10-10 16:01:29,43.2686,-7.5406,71.01,73,1,8.48
115,Talaya,RU,2021-10-10 16:01:30,61.3833,152.75,6.26,87,4,3.09
116,Laguna,US,2021-10-10 16:00:15,38.421,-121.4238,64.99,63,1,1.01
117,Sobolevo,RU,2021-10-10 16:01:30,54.4299,31.8996,41.95,69,22,4.14
118,Asau,RO,2021-10-10 16:01:30,46.4333,26.4,49.28,50,34,3.2
119,El Zulia,CO,2021-10-10 16:01:30,7.9325,-72.6012,82.78,71,98,2.53
120,Chuy,UY,2021-10-10 16:01:31,-33.6971,-53.4616,64.47,68,69,15.9
121,Esperance,AU,2021-10-10 16:01:31,-33.8667,121.9,54.16,62,87,17.54
122,Geraldton,AU,2021-10-10 16:01:31,-28.7667,114.6,54.01,82,100,3.44
123,Sorland,NO,2021-10-10 16:01:32,67.667,12.6934,49.86,82,100,9.89
124,Haskovo,BG,2021-10-10 16:01:32,41.9403,25.5694,56.34,100,100,3.29
125,Cherskiy,RU,2021-10-10 16:01:32,68.75,161.3,-0.69,99,84,5.59
126,Brigantine,US,2021-10-10 16:01:33,39.4101,-74.3646,72.01,88,90,16.11
127,Bredasdorp,ZA,2021-10-10 16:01:33,-34.5322,20.0403,72.28,71,78,9.8
128,Bengkulu,ID,2021-10-10 16:01:33,-3.8004,102.2655,76.73,90,67,4.07
129,Homer,US,2021-10-10 16:01:34,59.6425,-151.5483,44.8,83,44,27.0
130,Altamira,BR,2021-10-10 16:01:34,-3.2033,-52.2064,97.79,35,100,4.68
131,Pevek,RU,2021-10-10 16:01:34,69.7008,170.3133,22.39,91,100,6.2
132,Hofn,IS,2021-10-10 16:01:35,64.2539,-15.2082,44.62,93,75,5.75
133,Shingu,JP,2021-10-10 16:01:35,33.7333,135.9833,68.76,91,8,5.1
134,Minden,DE,2021-10-10 16:01:35,52.2833,8.9167,59.22,62,33,5.75
135,Urumqi,CN,2021-10-10 15:56:39,43.801,87.6005,41.95,57,0,6.71
136,Dali,CN,2021-10-10 16:01:36,25.7,100.1833,61.47,87,91,3.94
137,Srednekolymsk,RU,2021-10-10 16:01:36,67.45,153.6833,7.97,94,14,3.24
138,Healdsburg,US,2021-10-10 16:01:36,38.6105,-122.8692,66.9,71,1,0.0
139,Aklavik,CA,2021-10-10 16:01:37,68.2191,-135.0107,28.4,93,90,4.61
140,Grindavik,IS,2021-10-10 16:01:37,63.8424,-22.4338,41.47,93,90,11.5
141,Guerrero Negro,MX,2021-10-10 16:01:37,27.9769,-114.0611,71.65,60,0,5.59
142,Banjar,ID,2021-10-10 16:01:37,-8.19,114.9675,78.66,89,66,7.05
143,Castro,BR,2021-10-10 15:58:03,-24.7911,-50.0119,57.63,96,100,8.52
144,Praia Da Vitoria,PT,2021-10-10 16:01:38,38.7333,-27.0667,72.75,93,96,16.24
145,Te Anau,NZ,2021-10-10 16:01:38,-45.4167,167.7167,46.45,94,100,6.4
146,Port Alfred,ZA,2021-10-10 16:01:38,-33.5906,26.891,62.73,57,18,17.52
147,Sibolga,ID,2021-10-10 16:01:39,1.7427,98.7792,76.93,87,55,3.27
148,Caravelas,BR,2021-10-10 16:01:39,-17.7125,-39.2481,77.22,71,100,8.12
149,Lashio,MM,2021-10-10 16:01:39,22.9333,97.75,68.83,98,59,1.61
150,Mabaruma,GY,2021-10-10 16:01:40,8.2,-59.7833,90.68,53,76,6.33
151,Bud,US,2021-10-10 16:01:40,39.447,-86.1758,78.21,76,100,15.17
152,Kahului,US,2021-10-10 16:01:40,20.8947,-156.47,76.84,87,55,5.01
153,Marawi,PH,2021-10-10 16:01:41,7.9986,124.2928,66.65,92,100,6.15
154,Gouloure,BF,2021-10-10 16:01:41,12.2306,-1.9289,95.74,32,98,4.97
155,Oksovskiy,RU,2021-10-10 16:01:41,62.6062,39.8984,49.82,85,100,10.67
156,Taltal,CL,2021-10-10 16:01:41,-25.4,-70.4833,66.6,52,0,6.22
157,Coahuayana,MX,2021-10-10 16:01:42,18.7333,-103.6833,82.31,79,97,2.89
158,Pacific Grove,US,2021-10-10 16:01:42,36.6177,-121.9166,62.62,82,0,10.0
159,Cuiaba,BR,2021-10-10 16:01:27,-15.5961,-56.0967,100.33,30,40,12.66
160,Lixourion,GR,2021-10-10 16:01:42,38.2019,20.4314,69.8,75,98,9.1
161,Aksarka,RU,2021-10-10 16:01:43,66.5606,67.7975,27.43,77,22,8.08
162,Severo-Kurilsk,RU,2021-10-10 16:01:43,50.6789,156.125,44.6,86,100,19.91
163,College,US,2021-10-10 16:01:43,64.8569,-147.8028,34.59,94,75,4.61
164,Najran,SA,2021-10-10 16:01:44,17.4924,44.1277,80.49,21,31,10.98
165,Ayagoz,KZ,2021-10-10 16:01:44,47.9714,80.4392,43.66,56,100,12.28
166,Los Llanos De Aridane,ES,2021-10-10 16:01:44,28.6585,-17.9182,74.12,67,40,14.97
167,Liaoyang,CN,2021-10-10 16:01:45,41.2719,123.1731,51.19,63,62,3.91
168,Benghazi,LY,2021-10-10 16:01:45,32.1167,20.0667,81.0,46,0,1.92
169,Northam,GB,2021-10-10 16:01:45,51.0333,-4.2167,65.3,80,61,12.8
170,Beringovskiy,RU,2021-10-10 16:01:46,63.05,179.3167,29.84,88,99,8.93
171,Ewa Beach,US,2021-10-10 16:01:46,21.3156,-158.0072,75.02,75,75,18.01
172,Namibe,AO,2021-10-10 16:01:46,-15.1961,12.1522,68.68,81,9,9.04
173,Cabo San Lucas,MX,2021-10-10 15:59:01,22.8909,-109.9124,89.51,52,60,2.51
174,Ridgecrest,US,2021-10-10 16:01:43,35.6225,-117.6709,63.64,23,0,1.99
175,Quelimane,MZ,2021-10-10 16:01:47,-17.8786,36.8883,76.73,80,2,13.0
176,Igrim,RU,2021-10-10 16:01:47,63.1906,64.4162,30.07,58,45,4.61
177,Nanortalik,GL,2021-10-10 16:01:47,60.1432,-45.2371,39.04,51,23,8.5
178,Miles City,US,2021-10-10 16:01:48,46.4083,-105.8406,54.45,37,0,13.2
179,Dicabisagan,PH,2021-10-10 16:01:48,17.0818,122.4157,78.76,88,99,7.05
180,Hauterive,FR,2021-10-10 16:01:48,46.0901,3.4459,64.02,62,7,4.94
181,Touros,BR,2021-10-10 16:01:48,-5.1989,-35.4608,86.05,55,61,15.39
182,Okhotsk,RU,2021-10-10 16:01:49,59.3833,143.3,23.14,83,5,6.8
183,Naryan-Mar,RU,2021-10-10 16:01:49,67.6713,53.087,30.92,94,100,12.95
184,Lang Son,VN,2021-10-10 16:01:49,21.8333,106.7333,70.95,98,100,7.18
185,Sola,VU,2021-10-10 16:01:50,-13.8833,167.55,79.88,78,99,17.49
186,Kijini,TZ,2021-10-10 16:01:50,-5.85,39.3167,77.54,80,99,13.2
187,Pangnirtung,CA,2021-10-10 16:01:50,66.1451,-65.7125,38.68,62,19,4.21
188,Hobyo,SO,2021-10-10 16:01:50,5.3505,48.5268,79.59,84,15,18.52
189,Khatanga,RU,2021-10-10 16:01:51,71.9667,102.5,17.1,96,100,5.3
190,Westport,US,2021-10-10 15:59:49,41.1415,-73.3579,65.75,87,100,11.01
191,Buzmeyin,TM,2021-10-10 16:01:51,38.0507,58.2056,55.74,16,1,8.21
192,Kailua,US,2021-10-10 16:01:52,21.4022,-157.7394,75.07,65,40,26.89
193,Presidencia Roque Saenz Pena,AR,2021-10-10 16:01:52,-26.7852,-60.4388,83.93,52,87,4.72
194,Klaksvik,FO,2021-10-10 16:01:52,62.2266,-6.589,43.72,85,79,27.89
195,Saint George,US,2021-10-10 15:58:12,37.1041,-113.5841,59.79,53,0,1.01
196,Komsomolskiy,UZ,2021-10-10 16:01:53,40.4272,71.7189,50.72,71,96,4.61
197,Jiamusi,CN,2021-10-10 15:59:26,46.8333,130.35,47.3,56,83,17.45
198,Vanimo,PG,2021-10-10 16:01:53,-2.6741,141.3028,79.57,89,93,5.08
199,Deputatskiy,RU,2021-10-10 16:01:53,69.3,139.9,20.39,83,100,3.67
200,Bambous Virieux,MU,2021-10-10 16:01:54,-20.3428,57.7575,73.22,88,77,13.22
201,Saskylakh,RU,2021-10-10 16:01:54,71.9167,114.0833,11.37,97,100,6.8
202,Atambua,ID,2021-10-10 16:01:54,-9.1061,124.8925,73.83,83,97,2.24
203,Olafsvik,IS,2021-10-10 16:01:55,64.8945,-23.7142,40.32,66,93,7.83
204,Yumen,CN,2021-10-10 16:01:55,40.2833,97.2,41.61,18,0,13.22
205,Karcsa,HU,2021-10-10 16:01:55,48.3113,21.8054,56.88,41,30,6.53
206,Barrow,US,2021-10-10 16:01:56,71.2906,-156.7887,28.42,86,90,11.5
207,Akyab,MM,2021-10-10 16:01:56,20.15,92.9,83.34,79,100,4.41
208,Barinas,VE,2021-10-10 16:01:56,8.6226,-70.2075,88.52,54,24,4.47
209,Souillac,MU,2021-10-10 16:01:57,-20.5167,57.5167,73.36,90,72,12.28
210,Korla,CN,2021-10-10 16:01:57,41.7597,86.1469,50.04,38,7,5.44
211,Tazovskiy,RU,2021-10-10 16:01:57,67.4667,78.7,29.1,72,76,16.26
212,Santa Cruz,BO,2021-10-10 16:00:05,-17.8,-63.1667,89.06,45,76,6.02
213,Mnogovershinnyy,RU,2021-10-10 16:01:58,53.9353,139.9242,41.02,96,100,15.35
214,Rovaniemi,FI,2021-10-10 16:01:58,66.5,25.7167,49.41,100,90,10.36
215,Kankakee,US,2021-10-10 16:01:58,41.15,-87.8667,79.07,69,1,12.66
216,Tual,ID,2021-10-10 16:01:59,-5.6667,132.75,81.7,81,70,4.65
217,Puerto Escondido,MX,2021-10-10 16:01:59,15.85,-97.0667,85.23,64,92,3.2
218,Waingapu,ID,2021-10-10 16:01:59,-9.6567,120.2641,77.25,80,91,4.61
219,Letterkenny,IE,2021-10-10 16:02:00,54.95,-7.7333,57.13,77,98,9.98
220,Georgetown,MY,2021-10-10 15:58:10,5.4112,100.3354,82.35,83,20,3.0
221,Ibra,OM,2021-10-10 16:02:00,22.6906,58.5334,89.37,22,0,9.1
222,Ryotsu,JP,2021-10-10 16:02:00,38.0833,138.4333,71.76,81,1,9.44
223,Norman Wells,CA,2021-10-10 16:02:01,65.282,-126.8329,32.04,93,90,11.5
224,Saint-Pierre,RE,2021-10-10 16:02:01,-21.3393,55.4781,74.88,76,0,3.44
225,Oga,IT,2021-10-10 16:02:02,46.4631,10.347,46.94,56,0,7.18
226,Omidiyeh,IR,2021-10-10 16:02:02,30.7597,49.705,90.14,6,0,9.75
227,Deniliquin,AU,2021-10-10 16:02:03,-35.5333,144.9667,43.0,79,93,10.71
228,Bathsheba,BB,2021-10-10 16:02:03,13.2167,-59.5167,79.41,89,75,19.57
229,Tulun,RU,2021-10-10 16:02:03,54.5611,100.5792,37.69,69,19,0.51
230,Kruisfontein,ZA,2021-10-10 16:02:04,-34.0033,24.7314,61.88,58,4,17.47
231,Micheweni,TZ,2021-10-10 16:02:04,-4.9667,39.8333,77.77,82,52,11.07
232,Iqaluit,CA,2021-10-10 16:02:04,63.7506,-68.5145,40.69,73,31,4.32
233,Hambantota,LK,2021-10-10 16:02:05,6.1241,81.1185,82.74,83,75,8.05
234,Plettenberg Bay,ZA,2021-10-10 16:02:05,-34.0527,23.3716,61.93,73,29,15.01
235,Touho,NC,2021-10-10 16:02:05,-20.7833,165.2333,71.94,63,67,17.67
236,Zykovo,RU,2021-10-10 16:02:06,55.9519,93.1461,43.54,86,100,10.07
237,Mar Del Plata,AR,2021-10-10 16:00:29,-38.0023,-57.5575,58.12,1,3,13.0
238,Ambon,ID,2021-10-10 16:02:06,-3.6954,128.1814,77.14,94,20,9.22
239,Buraydah,SA,2021-10-10 16:00:05,26.326,43.975,88.11,12,0,10.87
240,Naze,JP,2021-10-10 16:02:07,28.3667,129.4833,77.52,87,44,16.53
241,Rocha,UY,2021-10-10 16:01:26,-34.4833,-54.3333,65.14,64,76,15.43
242,Ambilobe,MG,2021-10-10 16:02:07,-13.2,49.05,78.46,57,97,4.85
243,Mantua,IT,2021-10-10 16:02:07,45.1667,10.7833,64.71,53,0,1.01
244,Atar,MR,2021-10-10 16:02:08,20.5169,-13.0499,101.14,10,17,10.63
245,Lasa,IT,2021-10-10 16:02:08,46.6166,10.7002,55.31,55,0,6.82
246,Khiri Mat,TH,2021-10-10 16:02:08,16.8333,99.8,79.11,89,82,4.56
247,Norton Shores,US,2021-10-10 16:02:09,43.1689,-86.2639,75.4,77,90,5.01
248,Lusambo,CD,2021-10-10 16:02:09,-4.9667,23.45,82.69,57,94,4.12
249,Verkhnyaya Inta,RU,2021-10-10 16:02:09,65.9811,60.3094,29.57,77,70,8.88
250,Juneau,US,2021-10-10 15:59:38,58.3019,-134.4197,43.84,97,90,0.0
251,Lagoa,PT,2021-10-10 16:02:10,39.05,-27.9833,69.44,90,100,19.3
252,Touba,CI,2021-10-10 16:02:10,8.2833,-7.6833,82.94,70,86,3.02
253,Samarai,PG,2021-10-10 16:02:10,-10.6167,150.6667,78.96,80,100,11.34
254,Kavaratti,IN,2021-10-10 16:02:11,10.5669,72.642,82.15,81,99,10.71
255,Iranshahr,IR,2021-10-10 16:02:11,27.2025,60.6848,81.19,16,0,12.12
256,Baruun-Urt,MN,2021-10-10 16:02:11,46.6806,113.2792,36.28,52,0,8.59
257,Jining,CN,2021-10-10 16:02:12,35.405,116.5814,54.79,55,93,6.71
258,Ribeira Grande,PT,2021-10-10 16:02:12,38.5167,-28.7,72.0,94,40,19.57
259,Port-Gentil,GA,2021-10-10 16:02:12,-0.7193,8.7815,78.19,85,96,8.97
260,Zyryanka,RU,2021-10-10 16:02:12,65.75,150.85,18.75,81,50,8.86
261,Tonstad,NO,2021-10-10 16:02:13,58.6626,6.7169,54.73,86,44,13.73
262,Mareeba,AU,2021-10-10 16:02:13,-17.0,145.4333,68.72,95,12,2.84
263,Sur,OM,2021-10-10 16:02:13,22.5667,59.5289,83.82,59,3,2.1
264,Kaitangata,NZ,2021-10-10 16:02:14,-46.2817,169.8464,47.98,87,99,3.71
265,Dawei,MM,2021-10-10 16:02:14,14.0833,98.2,76.87,94,100,3.96
266,Zahir Pir,PK,2021-10-10 16:02:14,28.8124,70.524,88.11,10,0,9.66
267,Tuatapere,NZ,2021-10-10 16:02:15,-46.1333,167.6833,55.81,86,100,7.29
268,Tautira,PF,2021-10-10 16:02:15,-17.7333,-149.15,73.42,74,54,7.27
269,Lima,PE,2021-10-10 16:00:00,-12.0432,-77.0282,63.14,82,90,8.05
270,Haines Junction,CA,2021-10-10 15:57:28,60.7522,-137.5108,21.15,93,88,1.14
271,Kodiak,US,2021-10-10 16:02:15,57.79,-152.4072,39.45,73,36,9.71
272,Linxia,CN,2021-10-10 16:02:16,35.6003,103.2064,42.13,87,93,0.67
273,Parana,AR,2021-10-10 16:02:16,-31.732,-60.5238,75.56,63,84,7.02
274,Stavelot,BE,2021-10-10 16:02:16,50.393,5.9343,60.96,71,42,4.99
275,Chapada Dos Guimaraes,BR,2021-10-10 16:02:16,-15.4606,-55.7497,92.86,55,100,5.61
276,Kijang,KR,2021-10-10 16:02:17,35.2442,129.2139,74.59,86,32,5.53
277,Guiyang,CN,2021-10-10 16:02:17,26.5833,106.7167,56.91,93,100,11.79
278,Honiara,SB,2021-10-10 16:02:17,-9.4333,159.95,78.49,85,82,1.7
279,Methven,NZ,2021-10-10 16:02:18,-43.6333,171.65,43.47,81,20,9.08
280,Grants,US,2021-10-10 16:02:18,35.1473,-107.8514,50.23,50,40,19.57
281,Bethalto,US,2021-10-10 16:02:18,38.9092,-90.0407,80.94,69,1,4.0
282,Ostrovnoy,RU,2021-10-10 16:02:19,68.0531,39.5131,42.58,95,100,3.58
283,Luderitz,NA,2021-10-10 16:02:19,-26.6481,15.1594,78.15,35,4,12.35
284,Damietta,EG,2021-10-10 16:02:19,31.4165,31.8133,76.71,67,0,11.68
285,Saint Anthony,US,2021-10-10 16:00:46,45.0205,-93.218,69.64,80,40,4.0
286,Killybegs,IE,2021-10-10 16:02:20,54.6333,-8.45,56.91,74,94,13.24
287,Morro Bay,US,2021-10-10 15:59:11,35.3658,-120.8499,68.56,59,0,1.01
288,High Level,CA,2021-10-10 16:02:20,58.5169,-117.136,38.21,62,1,4.45
289,Pontianak,ID,2021-10-10 16:02:20,-0.0333,109.3333,80.58,94,75,3.44
290,Bilibino,RU,2021-10-10 16:02:21,68.0546,166.4372,-3.23,100,96,3.04
291,Wajid,SO,2021-10-10 16:02:21,3.8093,43.2471,88.86,38,90,13.98
292,Airai,TL,2021-10-10 16:02:21,-8.9266,125.4092,61.34,72,100,1.48
293,Port Hardy,CA,2021-10-10 16:02:22,50.6996,-127.4199,42.98,93,75,10.36
294,Kashi,CN,2021-10-10 16:02:22,39.4547,75.9797,49.28,42,100,6.73
295,Virtsu,EE,2021-10-10 16:02:22,58.5716,23.5115,53.94,82,41,19.89
296,Aksu,CN,2021-10-10 16:02:23,41.1231,80.2644,51.67,31,100,3.09
297,Ayan,RU,2021-10-10 16:02:23,56.45,138.1667,40.3,78,100,21.74
298,Shakhtinsk,KZ,2021-10-10 16:02:23,49.71,72.5872,45.16,56,99,9.51
299,Luangwa,ZM,2021-10-10 16:02:24,-15.6167,30.4167,95.32,18,0,8.08
300,Kondinskoye,RU,2021-10-10 16:02:24,59.6481,67.41,28.92,60,6,4.52
301,Vostok,RU,2021-10-10 16:02:24,46.4856,135.8833,37.71,93,99,14.45
302,Mount Isa,AU,2021-10-10 16:00:58,-20.7333,139.5,71.37,83,90,3.44
303,Springfield,US,2021-10-10 15:58:27,37.2153,-93.2982,78.19,76,1,8.99
304,Kulhudhuffushi,MV,2021-10-10 16:02:25,6.6221,73.07,82.72,81,62,16.96
305,Port Shepstone,ZA,2021-10-10 16:00:23,-30.7414,30.455,63.32,62,63,8.25
306,Guilin,CN,2021-10-10 16:02:25,25.2819,110.2864,63.16,90,100,11.12
307,Gat,IL,2021-10-10 16:02:04,31.61,34.7642,80.4,57,0,10.29
308,Cotonou,BJ,2021-10-10 16:02:26,6.3654,2.4183,82.58,76,36,10.2
309,Astoria,US,2021-10-10 16:02:26,46.1879,-123.8313,53.85,84,90,1.01
310,Zhigansk,RU,2021-10-10 16:02:26,66.7697,123.3711,32.85,99,100,13.6
311,Kiunga,PG,2021-10-10 16:02:27,-6.1219,141.2906,72.88,99,76,0.89
312,Dzerzhinskoye,RU,2021-10-10 16:02:27,56.8344,95.2283,40.41,86,100,9.37
313,Hamilton,US,2021-10-10 16:00:16,39.1834,-84.5333,79.68,76,100,1.01
314,Kang,BW,2021-10-10 16:02:27,-23.6752,22.7876,85.06,8,0,7.74
315,Mbini,GQ,2021-10-10 16:02:28,1.574,9.6134,78.31,85,100,3.31
316,La Palma,US,2021-10-10 16:02:28,33.8464,-118.0467,74.77,75,1,1.01
317,Develi,TR,2021-10-10 16:02:28,38.3906,35.4922,56.55,23,0,0.65
318,Burnie,AU,2021-10-10 16:02:28,-41.0667,145.9167,41.94,76,3,8.12
319,Tarko-Sale,RU,2021-10-10 16:02:29,64.9225,77.785,28.35,72,36,12.64
320,The Valley,AI,2021-10-10 16:02:29,18.217,-63.0578,81.32,78,23,22.53
321,Ipixuna,BR,2021-10-10 16:02:29,-1.7625,-48.8043,90.36,55,39,5.44
322,Portobelo,PA,2021-10-10 16:02:30,9.55,-79.65,86.95,72,84,6.35
323,Brae,GB,2021-10-10 16:02:30,60.3964,-1.353,51.71,88,40,25.21
324,Nampula,MZ,2021-10-10 16:02:30,-15.1165,39.2666,84.45,39,41,14.56
325,Pasighat,IN,2021-10-10 16:02:31,28.0667,95.3333,77.22,85,9,3.18
326,Lensk,RU,2021-10-10 16:02:31,60.7253,114.9278,33.19,84,100,16.93
327,Peachland,CA,2021-10-10 16:02:31,49.7665,-119.7357,49.68,64,22,3.0
328,Kachiry,KZ,2021-10-10 16:02:32,53.0675,76.1036,43.29,83,100,11.56
329,Minuri,PH,2021-10-10 16:02:32,16.535,121.8574,75.09,97,87,1.63
330,East London,ZA,2021-10-10 15:59:19,-33.0153,27.9116,65.34,55,0,14.97
331,Janovice Nad Uhlavou,CZ,2021-10-10 16:02:32,49.3451,13.2181,53.31,68,2,2.86
332,Tumaco,CO,2021-10-10 16:02:33,1.7986,-78.8156,79.74,78,100,9.01
333,Sungairaya,ID,2021-10-10 16:02:33,0.7,108.9,80.94,86,100,5.73
334,Isangel,VU,2021-10-10 16:02:33,-19.55,169.2667,69.82,83,31,11.01
335,Calama,CL,2021-10-10 16:02:33,-22.4667,-68.9333,75.29,10,0,18.99
336,Longyearbyen,SJ,2021-10-10 16:02:34,78.2186,15.6401,19.24,86,20,12.66
337,Margate,GB,2021-10-10 16:01:14,51.3813,1.3862,63.03,88,96,4.0
338,Bambanglipuro,ID,2021-10-10 16:02:34,-7.95,110.2833,77.4,81,80,5.08
339,Cayenne,GF,2021-10-10 16:02:34,4.9333,-52.3333,91.44,74,40,5.99
340,Narsaq,GL,2021-10-10 16:02:35,60.9167,-46.05,35.82,34,42,2.84
341,Ulaangom,MN,2021-10-10 16:02:35,49.9811,92.0667,35.1,64,5,1.54
342,Cabinda,AO,2021-10-10 16:02:35,-5.55,12.2,77.94,73,73,9.71
343,Taoudenni,ML,2021-10-10 16:02:36,22.6783,-3.9836,105.46,6,85,4.16
344,Flinders,AU,2021-10-10 16:02:36,-34.5833,150.8552,55.2,87,100,7.0
345,Sharlyk,RU,2021-10-10 16:02:36,52.9167,54.75,47.75,72,99,8.75
346,Uvinza,TZ,2021-10-10 16:02:36,-5.1036,30.3911,83.26,40,100,5.99
347,Groningen,NL,2021-10-10 15:59:58,53.25,6.75,59.02,81,90,3.44
348,Codrington,AU,2021-10-10 16:02:37,-38.2667,141.9667,45.19,76,66,9.69
349,Bondo,CD,2021-10-10 16:02:37,3.8146,23.6866,75.42,87,100,3.2
350,Channel-Port Aux Basques,CA,2021-10-10 16:02:37,47.5702,-59.1367,52.93,63,33,17.63
351,Evensk,RU,2021-10-10 16:02:38,61.95,159.2333,25.93,67,41,5.66
352,Vestmannaeyjar,IS,2021-10-10 16:02:38,63.4427,-20.2734,45.59,87,90,16.11
353,Bonfim,BR,2021-10-10 16:02:38,3.0833,-59.95,93.33,46,87,2.95
354,Tiarei,PF,2021-10-10 16:02:39,-17.5333,-149.3333,73.42,74,29,8.23
355,Sampit,ID,2021-10-10 16:02:39,-2.5333,112.95,77.13,94,100,2.75
356,Shubarkuduk,KZ,2021-10-10 16:02:39,49.1447,56.4872,50.05,57,25,8.41
357,Synya,RU,2021-10-10 16:02:39,65.3718,58.0387,30.22,74,77,6.42
358,Makinsk,KZ,2021-10-10 16:02:40,52.6292,70.4169,29.55,87,100,7.43
359,Yatou,CN,2021-10-10 16:02:40,37.15,122.3833,59.97,52,100,15.95
360,Tshikapa,CD,2021-10-10 16:02:40,-6.4167,20.8,87.49,49,77,3.96
361,Turka,UA,2021-10-10 16:02:41,49.1541,23.0297,47.14,60,41,3.2
362,Karpogory,RU,2021-10-10 16:02:41,64.0019,44.4451,48.43,95,100,11.61
363,Belmonte,BR,2021-10-10 16:02:41,-15.8631,-38.8828,73.9,79,78,9.73
364,Chulman,RU,2021-10-10 16:02:42,56.8479,124.9104,29.35,87,94,7.78
365,Vila Franca Do Campo,PT,2021-10-10 16:02:42,37.7167,-25.4333,73.81,80,94,9.57
366,Bojnurd,IR,2021-10-10 16:02:42,37.4747,57.329,50.76,19,3,2.91
367,Centralia,US,2021-10-10 16:02:42,46.7162,-122.9543,51.26,84,75,3.44
368,Moranbah,AU,2021-10-10 16:02:43,-22.0016,148.0466,64.22,83,0,7.58
369,Porohy,UA,2021-10-10 16:02:43,48.6876,24.2632,48.61,51,27,4.54
370,Redwater,US,2021-10-10 16:02:43,33.3582,-94.2544,81.82,77,58,12.12
371,Tingi,TZ,2021-10-10 16:02:44,-11.3,35.0333,75.43,36,84,6.51
372,Dawlatabad,AF,2021-10-10 16:02:44,36.4141,64.9053,50.9,32,0,6.15
373,De Aar,ZA,2021-10-10 16:02:44,-30.6497,24.0123,73.38,5,0,7.25
374,Baykit,RU,2021-10-10 16:02:45,61.67,96.37,28.45,88,95,6.91
375,Constitucion,CL,2021-10-10 16:02:45,-35.3333,-72.4167,59.49,61,14,8.79
376,Helong,CN,2021-10-10 16:02:45,42.5397,128.9972,45.07,64,87,10.25
377,Ust-Nera,RU,2021-10-10 16:02:46,64.5667,143.2,22.77,75,97,4.12
378,Broken Hill,AU,2021-10-10 16:02:46,-31.95,141.4333,48.87,57,98,22.19
379,Tura,IN,2021-10-10 16:02:46,25.5198,90.2201,74.91,88,12,2.86
380,Kenai,US,2021-10-10 16:02:47,60.5544,-151.2583,39.09,93,65,4.72
381,Jacareacanga,BR,2021-10-10 16:02:47,-6.2222,-57.7528,100.6,31,17,3.96
382,Ahipara,NZ,2021-10-10 16:02:47,-35.1667,173.1667,52.57,80,75,4.29
383,Blyth,GB,2021-10-10 16:02:48,55.1271,-1.5086,58.28,71,20,1.01
384,Usakos,NA,2021-10-10 16:02:48,-22.0,15.6,98.11,4,1,9.64
385,Weiser,US,2021-10-10 16:02:48,44.251,-116.9693,51.48,64,99,1.66
386,Krasnokamensk,RU,2021-10-10 16:02:48,50.0979,118.0369,38.86,65,27,8.77
387,Huilong,CN,2021-10-10 15:59:07,31.8111,121.655,74.03,91,92,24.09
388,Whitianga,NZ,2021-10-10 16:02:49,-36.8333,175.7,51.03,84,2,7.47
389,Kysyl-Syr,RU,2021-10-10 16:02:49,63.8986,122.7617,35.51,96,100,5.86
390,Porto Novo,BJ,2021-10-10 16:02:50,6.4965,2.6036,83.46,73,61,8.88
391,Abu Samrah,SY,2021-10-10 16:02:50,35.3029,37.1841,78.53,19,0,2.3
392,Teya,RU,2021-10-10 16:02:50,60.3778,92.6267,28.06,90,85,6.76
393,Olga,RU,2021-10-10 16:02:50,43.7444,135.2892,52.21,56,100,13.62
394,Sulangan,PH,2021-10-10 16:02:51,11.1373,123.7228,83.05,76,100,20.36
395,Salinopolis,BR,2021-10-10 16:02:51,-0.6136,-47.3561,85.93,65,15,14.05
396,Lloydminster,CA,2021-10-10 16:02:51,53.2835,-110.0016,47.05,26,90,2.39
397,Miyazu,JP,2021-10-10 16:02:52,35.5333,135.1833,67.19,93,5,7.56
398,Honavar,IN,2021-10-10 16:02:52,14.2833,74.45,78.39,90,34,1.83
399,Sao Filipe,CV,2021-10-10 16:02:52,14.8961,-24.4956,81.66,69,0,4.63
400,Waipawa,NZ,2021-10-10 16:02:53,-41.4122,175.5153,52.03,85,0,4.63
401,Agirish,RU,2021-10-10 16:02:53,61.9247,63.0231,29.12,60,7,4.38
402,Zhaoyang,CN,2021-10-10 16:02:53,42.682,126.0305,42.84,70,50,6.51
403,Goderich,CA,2021-10-10 16:02:53,43.7501,-81.7165,67.91,87,100,22.66
404,Antalaha,MG,2021-10-10 16:02:54,-14.9003,50.2788,72.84,67,39,12.17
405,Taonan,CN,2021-10-10 16:02:54,45.3333,122.7833,44.01,48,0,7.81
406,Benguela,AO,2021-10-10 16:02:54,-12.5763,13.4055,74.75,81,58,10.94
407,Talnakh,RU,2021-10-10 16:02:55,69.4865,88.3972,22.86,96,98,5.37
408,Coquimbo,CL,2021-10-10 16:02:55,-29.9533,-71.3436,62.42,49,0,10.0
409,Ardakan,IR,2021-10-10 16:02:55,32.31,54.0175,68.38,25,0,7.63
410,Davila,PH,2021-10-10 16:02:56,18.4726,120.5763,81.63,82,100,19.62
411,Pasni,PK,2021-10-10 16:02:56,25.2631,63.471,86.61,30,0,24.92
412,Kastornoye,RU,2021-10-10 16:02:56,51.8334,38.1302,46.99,54,78,5.3
413,Chino Valley,US,2021-10-10 16:02:56,34.7575,-112.4538,61.36,47,1,4.0
414,Roma,US,2021-10-10 16:02:34,43.2128,-75.4557,68.4,73,90,11.5
415,Rudbar,AF,2021-10-10 16:02:57,30.15,62.6,62.38,14,0,14.12
416,Duluth,US,2021-10-10 16:00:03,46.7833,-92.1066,69.21,94,90,1.01
417,Belaya Gora,RU,2021-10-10 16:02:57,68.5333,146.4167,19.42,76,100,3.31
418,Husavik,IS,2021-10-10 16:02:57,66.0449,-17.3389,35.65,95,99,4.81
419,Bontang,ID,2021-10-10 16:02:58,0.1333,117.5,79.11,87,100,6.17
420,Kismayo,SO,2021-10-10 16:02:58,-0.3582,42.5454,78.55,85,57,13.8
421,Yar-Sale,RU,2021-10-10 16:02:58,66.8333,70.8333,28.42,93,72,10.31
422,Tancheng,CN,2021-10-10 16:02:59,27.4375,115.4976,69.13,77,92,10.22
423,Havoysund,NO,2021-10-10 16:02:59,70.9963,24.6622,45.48,85,97,8.48
424,Sault Sainte Marie,CA,2021-10-10 16:02:59,46.5168,-84.3333,64.69,88,90,9.22
425,San Andres,CO,2021-10-10 16:03:00,12.5847,-81.7006,83.43,76,100,14.18
426,Alugan,PH,2021-10-10 16:03:00,12.2188,125.4808,81.05,81,99,13.82
427,Pangody,RU,2021-10-10 16:03:00,65.85,74.4859,28.44,71,31,7.96
428,Zatoka,UA,2021-10-10 16:03:00,46.0725,30.4654,55.94,48,1,9.73
429,Pervomayskiy,RU,2021-10-10 16:03:01,53.2485,40.2871,46.13,53,11,2.98
430,Vigrestad,NO,2021-10-10 16:03:01,58.5667,5.7,55.08,75,11,17.6
431,Seoul,KR,2021-10-10 16:02:26,37.5683,126.9778,61.99,63,100,7.96
432,Muros,ES,2021-10-10 16:03:02,42.7762,-9.0603,75.69,44,1,10.83
433,Feijo,BR,2021-10-10 16:03:03,-8.1642,-70.3536,97.99,37,13,2.95
434,Bondoukou,CI,2021-10-10 16:03:03,8.0333,-2.8,84.56,72,86,1.52
435,Choya,RU,2021-10-10 16:03:04,52.0108,86.5467,43.93,66,100,2.73
436,Muslyumovo,RU,2021-10-10 16:03:04,55.3033,53.1947,47.77,78,100,4.74
437,Nancha,CN,2021-10-10 16:03:04,47.1333,129.2667,43.34,68,46,12.35
438,Nyurba,RU,2021-10-10 16:03:05,63.2842,118.3319,33.49,80,77,11.9
439,Yaan,NG,2021-10-10 16:03:05,7.3833,8.5667,81.82,75,83,6.35
440,Vallenar,CL,2021-10-10 16:03:05,-28.5708,-70.7581,77.68,12,0,5.79
441,Fort Nelson,CA,2021-10-10 16:03:06,58.8053,-122.7002,38.43,62,91,3.91
442,Conde,BR,2021-10-10 16:03:06,-7.2597,-34.9075,84.79,57,98,14.88
443,Walvis Bay,NA,2021-10-10 16:00:04,-22.9575,14.5053,65.08,35,6,16.71
444,Wufeng,CN,2021-10-10 16:03:06,27.45,104.8333,48.83,96,100,3.96
445,Joplin,US,2021-10-10 16:03:07,37.0842,-94.5133,79.63,65,40,19.57
446,Puerto Madero,MX,2021-10-10 16:03:07,14.7208,-92.4215,86.2,79,75,3.44
447,Vila Velha,BR,2021-10-10 16:01:39,-20.3297,-40.2925,64.94,92,100,5.23
448,Cabedelo,BR,2021-10-10 16:03:08,-6.9811,-34.8339,83.71,64,94,13.44
449,Saint-Joseph,RE,2021-10-10 16:03:08,-21.3667,55.6167,73.78,82,26,8.48
450,Nago,JP,2021-10-10 16:03:08,26.5881,127.9761,82.47,84,100,18.81
451,Akim Swedru,GH,2021-10-10 16:03:08,5.8938,-1.0164,80.67,83,93,3.65
452,Khasan,RU,2021-10-10 16:03:09,42.4308,130.6434,54.82,52,100,25.57
453,Marsala,IT,2021-10-10 16:03:09,37.7966,12.4352,68.0,57,0,20.33
454,Paray-Le-Monial,FR,2021-10-10 16:03:09,46.4546,4.1158,64.18,67,0,1.01
455,Aswan,EG,2021-10-10 16:03:10,24.0934,32.907,100.62,15,16,9.82
456,Bahir Dar,ET,2021-10-10 16:03:10,11.5936,37.3908,64.08,84,99,3.31
457,Punta Alta,AR,2021-10-10 16:03:10,-38.8759,-62.0736,68.88,40,0,1.03
458,Weligama,LK,2021-10-10 16:03:11,5.9667,80.4167,78.06,90,73,9.64
459,Pimentel,PE,2021-10-10 16:03:11,-6.8367,-79.9342,67.55,80,73,11.45
460,Badiraguato,MX,2021-10-10 16:03:11,25.3667,-107.5167,87.71,59,2,0.54
461,La Ronge,CA,2021-10-10 16:03:11,55.1001,-105.2842,48.63,43,100,4.81
462,Shubarshi,KZ,2021-10-10 16:03:12,48.5872,57.1869,48.56,55,10,8.7
463,Ciudad Bolivar,VE,2021-10-10 16:03:12,8.1222,-63.5497,91.17,53,92,7.65
464,Shache,CN,2021-10-10 16:03:12,38.4167,77.2406,51.64,28,98,13.65
465,Sao Joao Da Barra,BR,2021-10-10 16:03:13,-21.6403,-41.0511,67.41,90,100,13.49
466,Fushan,CN,2021-10-10 16:03:13,37.4958,121.2581,60.66,50,100,9.17
467,Staryy Nadym,RU,2021-10-10 16:03:13,65.6118,72.6842,29.17,85,88,9.75
468,Fortuna,US,2021-10-10 16:03:13,40.5982,-124.1573,52.36,68,0,4.5
469,Shira,RU,2021-10-10 16:03:14,54.4911,89.9531,41.92,60,100,10.71
470,Beloha,MG,2021-10-10 16:03:14,-25.1667,45.05,69.94,79,6,5.39
471,Batemans Bay,AU,2021-10-10 16:03:14,-35.7167,150.1833,52.11,89,100,5.26
472,Sarangani,PH,2021-10-10 16:03:15,5.4033,125.4636,84.18,74,100,18.03
473,George,ZA,2021-10-10 16:03:15,-33.963,22.4617,63.45,65,11,10.89
474,Kamaishi,JP,2021-10-10 16:03:15,39.2667,141.8833,67.08,95,50,12.77
475,Riyadh,SA,2021-10-10 15:58:43,24.6877,46.7219,93.34,12,0,11.07
476,Obodivka,UA,2021-10-10 16:03:16,48.4051,29.2477,48.18,41,1,6.2
477,Leningradskiy,RU,2021-10-10 16:03:16,69.3833,178.4167,18.37,91,100,4.88
478,Traralgon,AU,2021-10-10 16:00:14,-38.1833,146.5333,45.91,89,16,3.04
479,Kavieng,PG,2021-10-10 16:03:16,-2.5744,150.7967,81.81,79,82,7.72
480,Lerik,AZ,2021-10-10 16:03:17,38.7726,48.4128,47.84,91,88,1.77
481,Buchanan,LR,2021-10-10 16:03:17,5.8808,-10.0467,85.96,76,81,9.33
482,Padang,ID,2021-10-10 15:59:12,-0.9492,100.3543,76.71,93,100,3.33
483,Acapulco,MX,2021-10-10 16:00:23,16.8634,-99.8901,84.49,69,98,6.69
484,Batagay-Alyta,RU,2021-10-10 16:03:17,67.8006,130.4114,24.44,84,100,2.15
485,Bahia Blanca,AR,2021-10-10 16:03:18,-38.7196,-62.2724,73.38,30,0,5.57
486,Renfrew,GB,2021-10-10 16:03:18,55.872,-4.3925,55.63,83,99,11.5
487,Fort Frances,CA,2021-10-10 15:58:19,48.5999,-93.4003,62.82,65,90,3.0
488,Thinadhoo,MV,2021-10-10 16:03:18,0.5333,72.9333,84.13,71,99,14.34
489,Svetlyy,RU,2021-10-10 16:03:19,54.675,20.1347,51.85,58,0,5.93
490,Auki,SB,2021-10-10 16:03:19,-8.7676,160.7034,76.89,87,47,1.9
491,Ornskoldsvik,SE,2021-10-10 16:03:19,63.2909,18.7153,51.62,100,90,4.61
492,Baghdad,IQ,2021-10-10 15:59:25,33.3406,44.4009,84.11,18,0,6.91
493,Navahrudak,BY,2021-10-10 16:03:20,53.6,25.8333,40.77,68,13,5.3
494,Umm Lajj,SA,2021-10-10 16:03:20,25.0213,37.2685,84.99,70,16,7.83
495,Muyezerskiy,RU,2021-10-10 16:03:20,63.9333,31.65,50.76,96,100,12.95
496,Koumac,NC,2021-10-10 16:03:21,-20.5667,164.2833,68.29,71,0,4.38
497,Bac Lieu,VN,2021-10-10 16:03:21,9.285,105.7244,79.18,88,100,9.57
498,Nome,US,2021-10-10 16:03:21,64.5011,-165.4064,29.16,86,40,0.0
499,Kardymovo,RU,2021-10-10 16:03:21,54.8902,32.4311,42.04,75,12,4.29
500,Taihe,CN,2021-10-10 16:03:22,30.8712,105.3845,54.66,83,100,5.48
501,Honningsvag,NO,2021-10-10 16:03:22,70.9821,25.9704,44.35,81,0,16.11
502,La Rioja,ES,2021-10-10 16:03:23,42.25,-2.5,64.04,56,81,5.14
503,Namatanai,PG,2021-10-10 16:03:23,-3.6667,152.4333,79.39,78,28,4.23
504,Moyobamba,PE,2021-10-10 16:03:23,-6.05,-76.9667,84.36,57,42,1.3
505,Sokoto,NG,2021-10-10 16:00:24,13.0609,5.239,98.44,15,100,4.99
506,Baloda Bazar,IN,2021-10-10 16:03:24,21.6667,82.1667,76.5,62,3,2.91
507,Mandalgovi,MN,2021-10-10 16:03:24,45.7625,106.2708,37.85,36,0,9.13
508,Rudnogorsk,RU,2021-10-10 16:03:24,57.2639,103.7519,36.61,93,100,8.46
509,Ilulissat,GL,2021-10-10 16:03:24,69.2167,-51.1,33.82,69,100,2.3
510,Kralendijk,BQ,2021-10-10 16:03:25,12.15,-68.2667,87.78,66,75,10.36
511,Zhezkazgan,KZ,2021-10-10 16:03:25,47.8043,67.7144,48.56,42,89,8.75
512,Dakar,SN,2021-10-10 15:58:42,14.6937,-17.4441,89.73,66,75,13.8
513,Almaznyy,RU,2021-10-10 16:03:25,48.0448,40.045,51.94,49,75,8.48
514,Uruacu,BR,2021-10-10 16:03:26,-14.5247,-49.1408,96.78,25,84,8.05
515,Mackay,AU,2021-10-10 16:03:26,-21.15,149.2,70.05,73,46,6.44
516,Mackenzie,CA,2021-10-10 16:03:26,55.2999,-123.1698,33.93,84,12,2.84
517,Yemtsa,RU,2021-10-10 16:03:27,63.0734,40.3329,49.46,87,100,13.11
518,Kindberg,AT,2021-10-10 16:03:27,47.5,15.45,45.43,76,99,4.54
519,Charlestown,AU,2021-10-10 16:03:28,-32.95,151.6667,63.93,97,100,1.99
520,Katobu,ID,2021-10-10 16:03:28,-4.9408,122.5276,76.73,89,79,3.13
521,Robstown,US,2021-10-10 16:03:28,27.7903,-97.6689,88.14,77,90,19.57
522,Ahuimanu,US,2021-10-10 16:03:28,21.4447,-157.8378,74.91,74,75,13.8
523,Sao Jose Da Coroa Grande,BR,2021-10-10 16:03:29,-8.8978,-35.1478,83.59,57,86,7.9
524,Gamba,GA,2021-10-10 16:03:29,-2.65,10.0,78.26,78,100,7.23
525,Eltham,NZ,2021-10-10 16:03:29,-39.4292,174.3,46.18,92,64,3.0
526,Eirunepe,BR,2021-10-10 16:03:30,-6.6603,-69.8736,97.93,37,25,2.82
527,Camocim,BR,2021-10-10 16:03:30,-2.9022,-40.8411,91.0,51,7,16.53
528,Peleduy,RU,2021-10-10 16:03:30,59.6289,112.7406,31.98,84,100,13.09
529,Asosa,ET,2021-10-10 16:03:31,10.0667,34.5333,63.09,94,100,1.07
530,Linguere,SN,2021-10-10 16:03:31,15.3953,-15.1193,102.25,22,46,6.26
531,The Pas,CA,2021-10-10 16:03:31,53.8251,-101.2541,55.09,55,66,7.29
532,Gigmoto,PH,2021-10-10 16:03:32,13.7796,124.39,79.57,87,99,5.7
533,Tilichiki,RU,2021-10-10 16:03:32,60.4667,166.1,26.67,77,73,3.87
534,Soyo,AO,2021-10-10 16:03:32,-6.1349,12.3689,77.59,73,50,10.0
535,Orzhytsya,UA,2021-10-10 16:03:32,49.7918,32.7012,49.05,44,94,7.76
536,Troitskoye,RU,2021-10-10 16:03:33,52.9821,84.6757,43.9,60,100,5.41
537,Anchorage,US,2021-10-10 16:00:00,61.2181,-149.9003,43.2,89,96,1.01
538,Kanniyakumari,IN,2021-10-10 16:03:33,8.0833,77.5667,80.91,84,100,17.05
539,Dunda,TZ,2021-10-10 16:03:34,-8.1167,34.25,83.68,25,99,11.1
